{
  "overall": {
    "train_rmse": 0.20433512330055237,
    "val_rmse": 0.274938702583313,
    "train_mae": 0.10362812876701355,
    "val_mae": 0.13190120458602905,
    "val_r2": 0.9162466695657188,
    "best_iter": 193
  },
  "per_type": {
    "amacGFP": {
      "n_val": 3351,
      "val_rmse": 0.15314720571041107,
      "val_mae": 0.0724882259964943,
      "val_r2": 0.884029919837315
    },
    "avGFP": {
      "n_val": 5171,
      "val_rmse": 0.3746904134750366,
      "val_mae": 0.20772504806518555,
      "val_r2": 0.8750045398172236
    },
    "cgreGFP": {
      "n_val": 2451,
      "val_rmse": 0.2755153775215149,
      "val_mae": 0.13809072971343994,
      "val_r2": 0.8713453388712774
    },
    "ppluGFP": {
      "n_val": 3140,
      "val_rmse": 0.15578168630599976,
      "val_mae": 0.06560730189085007,
      "val_r2": 0.909222456931133
    }
  },
  "feature_dim": 1292,
  "extra_feature_dim": 9,
  "n_single_effects": 4595,
  "n_pair_epistasis": 48010
}