{
  "overall": {
    "val_r2": 0.2220031918195211,
    "val_rmse": 0.8379608988761902,
    "val_mae": 0.6931718587875366
  },
  "per_type": {
    "amacGFP": {
      "n_train": 30160,
      "n_val": 3351,
      "n_muts": 1900,
      "train_rmse": 0.4394606947898865,
      "val_rmse": 0.47025227546691895,
      "train_mae": 0.3488590717315674,
      "val_mae": 0.3637944161891937,
      "val_r2": -0.09342658778584023,
      "val_rel_brightness": 0.7784886956214905
    },
    "avGFP": {
      "n_train": 46544,
      "n_val": 5171,
      "n_muts": 1770,
      "train_rmse": 0.9664576053619385,
      "val_rmse": 1.130920171737671,
      "train_mae": 0.8750396370887756,
      "val_mae": 1.0436235666275024,
      "val_r2": -0.1387096595204338,
      "val_rel_brightness": 0.2815934419631958
    },
    "cgreGFP": {
      "n_train": 22065,
      "n_val": 2451,
      "n_muts": 2852,
      "train_rmse": 0.7215767502784729,
      "val_rmse": 0.8314899802207947,
      "train_mae": 0.6727020740509033,
      "val_mae": 0.7545104026794434,
      "val_r2": -0.17178484741180178,
      "val_rel_brightness": 0.4749344289302826
    },
    "ppluGFP": {
      "n_train": 28262,
      "n_val": 3140,
      "n_muts": 2739,
      "train_rmse": 0.49245989322662354,
      "val_rmse": 0.523536205291748,
      "train_mae": 0.3933016061782837,
      "val_mae": 0.4196741282939911,
      "val_r2": -0.02527185297740764,
      "val_rel_brightness": 0.6905618906021118
    }
  }
}