Seq_ID,Type,n_mut,mutations,rel_b_initial,tm_est_C,ratio_opt,ratio_mod,ratio_con,score_opt,score_mod,score_con
1,avGFP,2,I152S:T38R,5.100431733834676,62,0.30000000000000004,0.1,0.09193548387096774,1.530129520150403,0.5100431733834676,0.4689106594009299
2,avGFP,3,I152S:I171Q:A179E,15.207523490546745,62,0.30000000000000004,0.1,0.09193548387096774,4.5622570471640245,1.5207523490546746,1.3981110305825233
3,cgreGFP,4,K163S:G130C:A8Q:W192A,10.968434169271749,65,0.42000000000000004,0.22000000000000003,0.09677419354838711,4.606742351094135,2.413055517239785,1.0614613712198468
4,ppluGFP,4,E18S:D171P:G120L:S159P,19.828019006940615,50,0.08870967741935484,0.08064516129032258,0.07258064516129033,1.7589371699705385,1.5990337908823076,1.4391304117940769
5,amacGFP,2,K166V:Y200V,2.07905661293439,55,0.09677419354838711,0.08870967741935484,0.08064516129032258,0.20119902705816678,0.18443244146998622,0.16766585588180563
6,avGFP,7,S65T/S72A/V163A/T203I/S202D/A206V/I152S,10.0,82,0.95,0.95,0.7,9.5,9.5,7.0
